,Adj Close,Adj Close,Close,Close,High,High,Low,Low,Open,Open,Volume,Volume
,GOOGL,MSFT,GOOGL,MSFT,GOOGL,MSFT,GOOGL,MSFT,GOOGL,MSFT,GOOGL,MSFT
Date,,,,,,,,,,,,
2019-12-20,1351.219970703125,157.41000366210938,1351.219970703125,157.41000366210938,1364.0,158.49000549316406,1350.72998046875,156.2899932861328,1363.0999755859375,157.35000610351562,2504500,53477500
